{
  "winner": "fe_v4",
  "scores": {
    "fe_v1": {
      "logreg": 0.22247703171377625,
      "decision_tree": 0.22320695249476757,
      "xgboost": 0.22343349385659558,
      "lightgbm": 0.22329896945394836
    },
    "fe_v2.0": {
      "logreg": 0.37591889527591954,
      "decision_tree": 0.276899384665032,
      "xgboost": 0.2957197223819049,
      "lightgbm": 0.30483070897367937
    },
    "fe_v2.1": {
      "logreg": 0.4410774870063593,
      "decision_tree": 0.25156382790712667,
      "xgboost": 0.27622689865421124,
      "lightgbm": 0.27657200663633746
    },
    "fe_v2.2": {
      "logreg": 0.32782756040471966,
      "decision_tree": 0.2901027281325816,
      "xgboost": 0.31189741081071143,
      "lightgbm": 0.3222761403130162
    },
    "fe_v2.3": {
      "logreg": 0.2279032556518987,
      "decision_tree": 0.22268604476727025,
      "xgboost": 0.2563687902171514,
      "lightgbm": 0.260649283205031
    },
    "fe_v2.4": {
      "logreg": 0.4235687780824873,
      "decision_tree": 0.2904064053076277,
      "xgboost": 0.30257321539589,
      "lightgbm": 0.3013871199781245
    },
    "fe_v3": {
      "logreg": 0.6079412395441377,
      "decision_tree": 0.3595634069681306,
      "xgboost": 0.3269569387557647,
      "lightgbm": 0.3707472062715272
    },
    "fe_v4": {
      "logreg": 0.6347018884533638,
      "decision_tree": 0.3641832652546021,
      "xgboost": 0.3181825475748551,
      "lightgbm": 0.35470802169559246
    }
  }
}